{
  "timestamp": "2025-10-30T22:52:54.374813",
  "semantic": {
    "success_rate": 1.0,
    "avg_chunks_per_pdf": 35.6,
    "std_chunks_per_pdf": 7.227724399837061,
    "total_chunks": 178,
    "avg_retrieval_score": 1.2580903556611802,
    "avg_processing_time": 320.6974841117859,
    "total_processing_time": 1603.4874205589294,
    "final_rl_stats": {
      "total_updates": 15,
      "current_multiplier": 0.17499999999999993,
      "useful_rate": 1.0,
      "avg_retrieval_score": 1.2580903556611802,
      "threshold_evolution": [
        0.21999999999999997,
        0.21499999999999997,
        0.20999999999999996,
        0.20499999999999996,
        0.19999999999999996,
        0.19499999999999995,
        0.18999999999999995,
        0.18499999999999994,
        0.17999999999999994,
        0.17499999999999993
      ],
      "multiplier_range": [
        0.17499999999999993,
        0.25
      ]
    }
  },
  "traditional": {
    "success_rate": 1.0,
    "avg_chunks_per_pdf": 6.2,
    "std_chunks_per_pdf": 2.039607805437114,
    "total_chunks": 31,
    "avg_retrieval_score": 1.3457132789823743,
    "avg_processing_time": 365.58970069885254,
    "total_processing_time": 1827.9485034942627
  },
  "improvements": {
    "chunk_count_diff": 29.400000000000002,
    "chunk_count_pct": 474.1935483870968,
    "retrieval_score_diff": -0.08762292332119404,
    "retrieval_improvement_pct": -6.511262442728838,
    "consistency_improvement": -254.36834378499876
  }
}